-- phpMyAdmin SQL Dump
-- version 5.1.1
-- https://www.phpmyadmin.net/
--
-- Host: 127.0.0.1
-- Generation Time: Mar 16, 2022 at 03:42 PM
-- Server version: 10.4.22-MariaDB
-- PHP Version: 7.4.27

SET SQL_MODE = "NO_AUTO_VALUE_ON_ZERO";
START TRANSACTION;
SET time_zone = "+00:00";


/*!40101 SET @OLD_CHARACTER_SET_CLIENT=@@CHARACTER_SET_CLIENT */;
/*!40101 SET @OLD_CHARACTER_SET_RESULTS=@@CHARACTER_SET_RESULTS */;
/*!40101 SET @OLD_COLLATION_CONNECTION=@@COLLATION_CONNECTION */;
/*!40101 SET NAMES utf8mb4 */;

--
-- Database: `monitoringdaya`
--

-- --------------------------------------------------------

--
-- Table structure for table `datamaterial`
--

CREATE TABLE `datamaterial` (
  `ID` int(11) NOT NULL,
  `Nama` text NOT NULL,
  `Spesifik_Energi` float NOT NULL
) ENGINE=InnoDB DEFAULT CHARSET=latin1;

--
-- Dumping data for table `datamaterial`
--

INSERT INTO `datamaterial` (`ID`, `Nama`, `Spesifik_Energi`) VALUES
(1, 'ST 37', 2.8),
(2, 'Alumunium', 0.7),
(3, 'Brass', 2.2),
(4, 'BRONZE', 2.2),
(5, 'White', 80);

-- --------------------------------------------------------

--
-- Table structure for table `datapemotongan`
--

CREATE TABLE `datapemotongan` (
  `Nawa` int(11) NOT NULL,
  `id_material` int(11) NOT NULL,
  `doc` float NOT NULL,
  `dia_cutter` float NOT NULL,
  `loc` float NOT NULL,
  `n` float NOT NULL,
  `fz` float NOT NULL,
  `rpm` float NOT NULL
) ENGINE=InnoDB DEFAULT CHARSET=latin1;

--
-- Dumping data for table `datapemotongan`
--

INSERT INTO `datapemotongan` (`Nawa`, `id_material`, `doc`, `dia_cutter`, `loc`, `n`, `fz`, `rpm`) VALUES
(67, 3, 2, 2, 2, 1312, 3, 3),
(68, 1, 4, 4, 4, 4, 4, 4),
(69, 3, 3, 3, 3, 3, 3, 3),
(70, 2, 2, 16, 90, 4, 0.01, 500),
(71, 1, 10, 10, 10, 10, 10, 1000),
(72, 2, 2, 16, 100, 4, 0.02, 500),
(73, 4, 3, 16, 100, 4, 0.01, 600),
(74, 1, 1, 1, 1, 1, 1, 1),
(75, 1, 0.5, 16, 80, 4, 0.02, 400),
(76, 1, 1, 16, 82, 4, 0.02, 400),
(77, 2, 2, 16, 90, 4, 0.1, 400),
(78, 1, 1, 16, 80, 4, 0.02, 400),
(79, 1, 1, 16, 80, 4, 0.02, 400),
(80, 4, 1, 10, 1, 2, 1, 100),
(81, 3, 0.1, 1, 1, 1, 1, 1),
(82, 1, 1, 16, 80, 4, 0.02, 500),
(83, 1, 0.5, 16, 82, 4, 0.02, 400),
(84, 1, 1, 10, 30, 4, 0.02, 500),
(103, 2, 50, 50, 50, 50, 50, 50),
(104, 1, 50, 55, 50, 50, 521, 55),
(106, 2, 5, 2, 1, 3, 1, 4);

-- --------------------------------------------------------

--
-- Table structure for table `tabel_mesin`
--

CREATE TABLE `tabel_mesin` (
  `ID_mesin` int(11) NOT NULL,
  `no_mesin` varchar(50) NOT NULL,
  `nama_mesin` varchar(50) NOT NULL,
  `lokasi_mesin` varchar(50) NOT NULL,
  `Status` int(11) NOT NULL,
  `sisawaktu_PM` bigint(20) NOT NULL
) ENGINE=InnoDB DEFAULT CHARSET=utf8mb4;

--
-- Dumping data for table `tabel_mesin`
--

INSERT INTO `tabel_mesin` (`ID_mesin`, `no_mesin`, `nama_mesin`, `lokasi_mesin`, `Status`, `sisawaktu_PM`) VALUES
(1, 'FR 06', 'Aciera F3', 'Pemesinan Dasar', 1, 130),
(2, 'FR 05', 'Aciera F3', 'Pemesinan Dasar', 0, 0);

-- --------------------------------------------------------

--
-- Table structure for table `tabel_monitoring`
--

CREATE TABLE `tabel_monitoring` (
  `nomor` bigint(11) NOT NULL,
  `ID_mesin` int(11) NOT NULL,
  `Current` float NOT NULL,
  `Voltage` float NOT NULL,
  `Power` float NOT NULL,
  `Date_Time` timestamp NOT NULL DEFAULT current_timestamp() ON UPDATE current_timestamp()
) ENGINE=InnoDB DEFAULT CHARSET=utf8mb4;

--
-- Dumping data for table `tabel_monitoring`
--

INSERT INTO `tabel_monitoring` (`nomor`, `ID_mesin`, `Current`, `Voltage`, `Power`, `Date_Time`) VALUES
(1, 1, 1, 380, 380, '2022-02-22 02:12:53'),
(2, 1, 2, 0, 0, '2022-02-22 02:15:45'),
(3, 1, 2.43, 0, 0, '2022-02-22 02:16:30'),
(4, 1, 2.43, 380, 1000, '2022-02-22 02:17:39'),
(1333, 1, 0.06, 380, 34.03, '2022-02-22 03:20:05'),
(1334, 1, 1.3, 380, 728.08, '2022-02-22 03:20:14'),
(1335, 1, 0.55, 380, 309.12, '2022-02-22 03:20:25'),
(1336, 1, 0.93, 380, 521.55, '2022-02-22 03:20:37'),
(1337, 1, 0.1, 380, 56.72, '2022-02-22 03:20:49'),
(1338, 1, 0.29, 380, 161.61, '2022-02-22 03:20:59'),
(1339, 1, 0.16, 380, 90.13, '2022-02-22 03:21:09'),
(1340, 1, 0.59, 380, 327.63, '2022-02-22 03:21:18'),
(1341, 1, 0.17, 380, 93.39, '2022-02-22 03:21:28'),
(1344, 1, 0.8, 380, 448.76, '2022-02-22 03:22:13'),
(1345, 1, 0.21, 380, 116.81, '2022-02-22 03:22:23'),
(1346, 1, 0.1, 380, 54.94, '2022-02-22 03:22:54'),
(1347, 1, 0.18, 380, 98.21, '2022-02-22 03:23:03'),
(1348, 1, 0.77, 380, 432.05, '2022-02-22 03:23:13'),
(1349, 1, 0.05, 380, 26.57, '2022-02-22 03:23:22'),
(1350, 1, 0.07, 380, 41.69, '2022-02-22 03:23:32'),
(1351, 1, 0.15, 380, 85.6, '2022-02-22 03:23:42'),
(1352, 1, 0.2, 380, 111.7, '2022-02-22 03:23:51'),
(1353, 1, 0.07, 380, 38.44, '2022-02-22 03:24:01'),
(1354, 1, 0.19, 380, 104.03, '2022-02-22 03:24:10'),
(1355, 1, 1.31, 380, 731.25, '2022-02-22 03:24:20'),
(1356, 1, 0.05, 380, 28.03, '2022-02-22 03:24:30'),
(1357, 1, 0.16, 380, 90.33, '2022-02-22 03:24:39'),
(1358, 1, 0.14, 380, 79.96, '2022-02-22 03:24:49'),
(1359, 1, 0.82, 380, 456.24, '2022-02-22 03:24:59'),
(1360, 1, 0.21, 380, 116.59, '2022-02-22 03:25:08'),
(1361, 1, 0.58, 380, 326.5, '2022-02-22 03:25:18'),
(1362, 1, 0.13, 380, 71.97, '2022-02-22 03:25:28'),
(1363, 1, 0.09, 380, 48.4, '2022-02-22 03:25:37'),
(1364, 1, 0.04, 380, 22.98, '2022-02-22 03:25:47'),
(1365, 1, 0.16, 380, 90.86, '2022-02-22 03:25:56'),
(1366, 1, 0.08, 380, 43.03, '2022-02-22 03:26:06'),
(1367, 1, 0.06, 380, 32.36, '2022-02-22 03:26:16'),
(1368, 1, 0.18, 380, 103.41, '2022-02-22 03:26:25'),
(1369, 1, 0.08, 380, 45.26, '2022-02-22 03:26:35'),
(1370, 1, 0.2, 380, 113.91, '2022-02-22 03:26:44'),
(1371, 1, 1.4, 380, 781.54, '2022-02-22 03:26:54'),
(1372, 1, 0.16, 380, 89.68, '2022-02-22 03:27:03'),
(1374, 1, 1.47, 380, 823.92, '2022-02-22 03:27:31'),
(1375, 1, 0.18, 380, 103.43, '2022-02-22 03:27:44'),
(1376, 1, 0.84, 380, 467.98, '2022-02-22 03:27:56'),
(1377, 1, 1.17, 380, 657.28, '2022-02-22 03:28:09'),
(1378, 1, 0.17, 380, 92.59, '2022-02-22 03:28:16'),
(1379, 1, 0.19, 380, 104.07, '2022-02-22 03:28:25'),
(1380, 1, 0.56, 380, 312.16, '2022-02-22 03:28:35'),
(1381, 1, 0.34, 380, 192.29, '2022-02-22 03:28:45'),
(1382, 1, 0.48, 380, 271.1, '2022-02-22 03:28:54'),
(1383, 1, 0.09, 380, 49.29, '2022-02-22 03:29:04'),
(1384, 1, 0.32, 380, 180.36, '2022-02-22 03:29:14'),
(1385, 1, 0.21, 380, 118.92, '2022-02-22 03:29:23'),
(1386, 1, 1.18, 380, 661.88, '2022-02-22 03:29:33'),
(1387, 1, 0.07, 380, 38.14, '2022-02-22 03:29:43'),
(1388, 1, 0.21, 380, 115.48, '2022-02-22 03:29:52'),
(1389, 1, 0.48, 380, 270.95, '2022-02-22 03:30:02'),
(1390, 1, 0.24, 380, 134.92, '2022-02-22 03:30:12'),
(1391, 1, 1.07, 380, 598.71, '2022-02-22 03:30:21'),
(1392, 1, 0.86, 380, 479.25, '2022-02-22 03:30:31'),
(1393, 1, 0.37, 380, 209.75, '2022-02-22 03:30:40'),
(1394, 1, 1.04, 380, 581.31, '2022-02-22 03:30:50'),
(1395, 1, 0.06, 380, 35.33, '2022-02-22 03:31:00'),
(1396, 1, 0.17, 380, 97.47, '2022-02-22 03:31:09'),
(1397, 1, 1.28, 380, 717.85, '2022-02-22 03:31:19'),
(1398, 1, 0.08, 380, 46.9, '2022-02-22 03:31:29'),
(1399, 1, 0.15, 380, 82.21, '2022-02-22 03:31:39'),
(1400, 1, 0.08, 380, 46.95, '2022-02-22 03:31:48'),
(1401, 1, 1.25, 380, 700.29, '2022-02-22 03:31:58'),
(1402, 1, 1.21, 380, 674.64, '2022-02-22 03:32:07'),
(1403, 1, 0.06, 380, 35.18, '2022-02-22 03:32:17'),
(1404, 1, 0.33, 380, 184.42, '2022-02-22 03:32:26'),
(1405, 1, 1.14, 380, 636.49, '2022-02-22 03:32:37'),
(1406, 1, 1.14, 380, 635.14, '2022-02-22 03:32:47'),
(1407, 1, 0.32, 380, 176.56, '2022-02-22 03:32:58'),
(1408, 1, 0.24, 380, 132.38, '2022-02-22 03:33:07'),
(1409, 1, 1.27, 380, 710.95, '2022-02-22 03:33:19'),
(1410, 1, 0.28, 380, 154.64, '2022-02-22 03:33:29'),
(1411, 1, 0.65, 380, 361.55, '2022-02-22 03:33:39'),
(1412, 1, 0.14, 380, 76.55, '2022-02-22 03:33:49'),
(1413, 1, 0.18, 380, 100.45, '2022-02-22 03:33:59'),
(1414, 1, 0.19, 380, 108.09, '2022-02-22 03:34:09'),
(1415, 1, 0.2, 380, 111.38, '2022-02-22 03:34:19'),
(1416, 1, 0.93, 380, 521.13, '2022-02-22 03:34:29'),
(1417, 1, 0.09, 380, 49.77, '2022-02-22 03:34:39'),
(1418, 1, 0.05, 380, 26.41, '2022-02-22 03:34:49'),
(1419, 1, 0.18, 380, 98.11, '2022-02-22 03:34:59'),
(1420, 1, 0.17, 380, 96.81, '2022-02-22 03:35:09'),
(1421, 1, 0.44, 380, 245.37, '2022-02-22 03:35:19'),
(1422, 1, 0.04, 380, 22.8, '2022-02-22 03:35:28'),
(1423, 1, 0.33, 380, 182.77, '2022-02-22 03:35:38'),
(1424, 1, 0.07, 380, 41.86, '2022-02-22 03:35:48'),
(1425, 1, 0.2, 380, 111.67, '2022-02-22 03:35:58'),
(1426, 1, 0.04, 380, 21.29, '2022-02-22 03:36:08'),
(1427, 1, 0.68, 380, 382.04, '2022-02-22 03:36:21'),
(1428, 1, 0.01, 380, 6.36, '2022-02-22 03:36:31'),
(1429, 1, 0.02, 380, 11.95, '2022-02-22 03:36:41'),
(1430, 1, 0.06, 380, 34.6, '2022-02-22 03:36:52'),
(1431, 1, 0.06, 380, 34.26, '2022-02-22 03:37:02'),
(1432, 1, 0.12, 380, 64.99, '2022-02-22 03:37:12'),
(1433, 1, 0.21, 380, 115.12, '2022-02-22 03:37:58'),
(1435, 1, 1.13, 380, 631.74, '2022-02-22 03:39:14'),
(1436, 1, 0.18, 380, 99.74, '2022-02-22 03:39:24'),
(1437, 1, 0.18, 380, 98.34, '2022-02-22 03:39:33'),
(1438, 1, 0.04, 380, 21.14, '2022-02-22 03:39:44'),
(1439, 1, 0.09, 380, 52.73, '2022-02-22 03:39:56'),
(1440, 1, 0.05, 380, 27.52, '2022-02-22 03:40:03'),
(1441, 1, 0.14, 380, 77.82, '2022-02-22 03:40:13'),
(1442, 1, 0.74, 380, 416.31, '2022-02-22 03:40:26'),
(1443, 1, 0.08, 380, 43.8, '2022-02-22 03:40:36'),
(1444, 1, 0.73, 380, 411, '2022-02-22 03:40:46'),
(1445, 1, 0.09, 380, 48.39, '2022-02-22 03:40:58'),
(1446, 1, 0.11, 380, 63.44, '2022-02-22 03:41:09'),
(1447, 1, 0.16, 380, 90.86, '2022-02-22 03:41:19'),
(1449, 1, 0.03, 380, 15, '2022-02-22 03:41:50'),
(1450, 1, 0.13, 380, 72.01, '2022-02-22 03:42:00'),
(1451, 1, 0.1, 380, 55.7, '2022-02-22 03:42:11'),
(1452, 1, 1.02, 380, 569.66, '2022-02-22 03:42:21'),
(1453, 1, 0.15, 380, 83.74, '2022-02-22 03:42:31'),
(1454, 1, 0.08, 380, 47.39, '2022-02-22 03:42:41'),
(1455, 1, 0.66, 380, 369.25, '2022-02-22 03:42:51'),
(1456, 1, 0.03, 380, 18.11, '2022-02-22 03:43:01'),
(1457, 1, 0.62, 380, 347.68, '2022-02-22 03:43:10'),
(1458, 1, 0.84, 380, 472.45, '2022-02-22 03:43:21'),
(1459, 1, 0.01, 380, 5.82, '2022-02-22 03:43:31'),
(1460, 1, 0.87, 380, 487.98, '2022-02-22 03:43:41'),
(1461, 1, 0.06, 380, 33.6, '2022-02-22 03:43:51'),
(1462, 1, 1.24, 380, 694.55, '2022-02-22 03:44:01'),
(1463, 1, 0.15, 380, 84.33, '2022-02-22 03:44:10'),
(1464, 1, 0, 380, 1.91, '2022-02-22 03:44:22'),
(1465, 1, 0.12, 380, 68.55, '2022-02-22 03:44:32'),
(1466, 1, 0.05, 380, 26.66, '2022-02-22 03:44:43'),
(1467, 1, 0.02, 380, 11.46, '2022-02-22 03:44:53'),
(1468, 1, 1.23, 380, 685.87, '2022-02-22 03:45:06'),
(1469, 1, 0.22, 380, 121.42, '2022-02-22 03:45:20'),
(1470, 1, 0.76, 380, 424.62, '2022-02-22 03:45:29'),
(1471, 1, 1.05, 380, 588, '2022-02-22 03:45:40'),
(1472, 1, 0.2, 380, 113.24, '2022-02-22 03:45:50'),
(1473, 1, 0.76, 380, 423.63, '2022-02-22 03:46:00'),
(1474, 1, 1.3, 380, 725.87, '2022-02-22 03:46:10'),
(1475, 1, 0.08, 380, 46.86, '2022-02-22 03:46:20'),
(1476, 1, 0.02, 380, 8.8, '2022-02-22 03:46:30'),
(1477, 1, 0.17, 380, 94.77, '2022-02-22 03:46:40'),
(1478, 1, 1.21, 380, 674.86, '2022-02-22 03:46:51'),
(1479, 1, 0.97, 380, 540.35, '2022-02-22 03:47:01'),
(1480, 1, 0.62, 380, 346.99, '2022-02-22 03:47:11'),
(1482, 1, 0.14, 380, 79.42, '2022-02-22 03:47:41'),
(1483, 1, 0.06, 380, 32.22, '2022-02-22 03:47:51'),
(1484, 1, 0.66, 380, 370.01, '2022-02-22 03:48:01'),
(1485, 1, 0.76, 380, 423.28, '2022-02-22 03:48:11'),
(1486, 1, 0.42, 380, 236.82, '2022-02-22 03:48:21'),
(1487, 1, 0.59, 380, 331.81, '2022-02-22 03:48:30'),
(1488, 1, 0.12, 380, 68.85, '2022-02-22 03:48:40'),
(1489, 1, 0.16, 380, 91.67, '2022-02-22 03:48:50'),
(1490, 1, 0, 380, -2.31, '2022-02-22 03:49:00'),
(1491, 1, 0.11, 380, 58.95, '2022-02-22 03:49:09'),
(1492, 1, 0.12, 380, 67.91, '2022-02-22 03:49:19'),
(1493, 1, 0.01, 380, 5.42, '2022-02-22 03:49:30'),
(1494, 1, 0.65, 380, 365.41, '2022-02-22 03:49:40'),
(1495, 1, 0.84, 380, 471.57, '2022-02-22 03:49:53'),
(1496, 1, 0.24, 380, 135.8, '2022-02-22 03:50:03'),
(1497, 1, 0.94, 380, 527.14, '2022-02-22 03:50:13'),
(1498, 1, 1.2, 380, 671.71, '2022-02-22 03:50:23'),
(1499, 1, 0.06, 380, 32.35, '2022-02-22 03:50:33'),
(1500, 1, 0.16, 380, 87.26, '2022-02-22 03:50:43'),
(1501, 1, 0.1, 380, 56.67, '2022-02-22 03:50:53'),
(1502, 1, -0.03, 380, -16.89, '2022-02-22 03:51:04'),
(1503, 1, 0.05, 380, 27.37, '2022-02-22 03:51:13'),
(1504, 1, 0.07, 380, 39.87, '2022-02-22 03:51:23'),
(1505, 1, 0.11, 380, 62.68, '2022-02-22 03:51:33'),
(1506, 1, 0.09, 380, 52.57, '2022-02-22 03:51:43'),
(1507, 1, 0.05, 380, 28.63, '2022-02-22 03:51:53'),
(1508, 1, 0.05, 380, 27.53, '2022-02-22 03:52:03'),
(1509, 1, 0.36, 380, 200.23, '2022-02-22 03:52:13'),
(1510, 1, 0, 380, -1.45, '2022-02-22 03:52:24'),
(1511, 1, 0.05, 380, 26.11, '2022-02-22 03:52:33'),
(1512, 1, 0.19, 380, 107.75, '2022-02-22 03:52:43'),
(1513, 1, 0.04, 380, 20.68, '2022-02-22 03:52:53'),
(1514, 1, 0.02, 380, 11.22, '2022-02-22 03:53:02'),
(1515, 1, 0.73, 380, 409.31, '2022-02-22 03:53:13'),
(1516, 1, 0.02, 380, 10.57, '2022-02-22 03:53:23'),
(1517, 1, 0.31, 380, 170.68, '2022-02-22 03:53:33'),
(1518, 1, 1.2, 380, 672.36, '2022-02-22 03:53:42'),
(1519, 1, 0.07, 380, 39.6, '2022-02-22 03:53:52'),
(1520, 1, 1.17, 380, 655.31, '2022-02-22 03:54:02'),
(1521, 1, 0.08, 380, 44.98, '2022-02-22 03:54:12'),
(1522, 1, 0.03, 380, 16.24, '2022-02-22 03:54:23'),
(1523, 1, 0.02, 380, 11.12, '2022-02-22 03:54:33'),
(1524, 1, 0.62, 380, 348.88, '2022-02-22 03:54:42'),
(1525, 1, 0.16, 380, 87.41, '2022-02-22 03:54:53'),
(1526, 1, 0.62, 380, 346.94, '2022-02-22 03:55:03'),
(1527, 1, 0.1, 380, 55.88, '2022-02-22 03:55:13'),
(1528, 1, 0.14, 380, 80.77, '2022-02-22 03:55:23'),
(1529, 1, 0.3, 380, 169.59, '2022-02-22 03:55:33'),
(1530, 1, -0.01, 380, -4.07, '2022-02-22 03:55:43'),
(1531, 1, 0.19, 380, 105.68, '2022-02-22 03:55:53'),
(1532, 1, 0.14, 380, 79.06, '2022-02-22 03:56:03'),
(1533, 1, 0.13, 380, 71.46, '2022-02-22 03:56:14'),
(1534, 1, 1.33, 380, 745.71, '2022-02-22 03:56:29'),
(1535, 1, 0.06, 380, 36.15, '2022-02-22 03:56:40'),
(1536, 1, 0.24, 380, 136.98, '2022-02-22 03:56:50'),
(1537, 1, 0.66, 380, 367.65, '2022-02-22 03:57:00'),
(1538, 1, 0.02, 380, 12.4, '2022-02-22 03:57:11'),
(1539, 1, -0.02, 380, -9.74, '2022-02-22 03:57:21'),
(1540, 1, 0.02, 380, 9.63, '2022-02-22 03:57:31'),
(1541, 1, 0.63, 380, 353.78, '2022-02-22 03:57:43'),
(1542, 1, 1.32, 380, 740.78, '2022-02-22 03:57:51'),
(1543, 1, 0.16, 380, 88.27, '2022-02-22 03:58:01'),
(1544, 1, 0.27, 380, 148.96, '2022-02-22 03:58:11'),
(1545, 1, 0.05, 380, 29.17, '2022-02-22 03:58:21'),
(1546, 1, 1.11, 380, 621.96, '2022-02-22 03:58:31'),
(1547, 1, 1.4, 380, 785.02, '2022-02-22 03:58:50'),
(1548, 1, 0.56, 380, 312.7, '2022-02-22 03:58:51'),
(1549, 1, 0.06, 380, 34.16, '2022-02-22 03:59:01'),
(1550, 1, 0.7, 380, 392.17, '2022-02-22 03:59:11'),
(1551, 1, 0.31, 380, 174.26, '2022-02-22 03:59:24'),
(1552, 1, 0.66, 380, 366.53, '2022-02-22 03:59:37'),
(1553, 1, 0.18, 380, 98.95, '2022-02-22 03:59:51'),
(1554, 1, 0.03, 380, 19.35, '2022-02-22 04:00:04'),
(1556, 1, 0.02, 380, 13.66, '2022-02-22 04:00:42'),
(1557, 1, 0.85, 380, 473.33, '2022-02-22 04:00:43'),
(1558, 1, 0.2, 380, 111.49, '2022-02-22 04:00:56'),
(1559, 1, 0.19, 380, 106.42, '2022-02-22 04:01:09'),
(1560, 1, 0.06, 380, 34.04, '2022-02-22 04:01:17'),
(1561, 1, 0.65, 380, 365.39, '2022-02-22 04:01:32'),
(1563, 1, 0.16, 380, 90.62, '2022-02-22 04:02:09'),
(1564, 1, 0.11, 380, 61.26, '2022-02-22 04:02:19'),
(1565, 1, 0.71, 380, 399.32, '2022-02-22 04:02:29'),
(1568, 1, -0.01, 380, -7.87, '2022-02-22 04:04:01'),
(1569, 1, 0.14, 380, 79.22, '2022-02-22 04:04:11'),
(1570, 1, 0, 380, -2.23, '2022-02-22 04:04:22'),
(1571, 1, 0.05, 380, 29.84, '2022-02-22 04:04:34'),
(1572, 1, 0.1, 380, 55.06, '2022-02-22 04:04:42'),
(1573, 1, 0.05, 380, 27.73, '2022-02-22 04:05:04'),
(1574, 1, 1.58, 380, 886.22, '2022-02-22 04:05:06'),
(1576, 1, 0.04, 380, 19.88, '2022-02-22 04:06:30'),
(1579, 1, 0.7, 380, 390.72, '2022-02-22 04:07:08'),
(1580, 1, 0.03, 380, 16.96, '2022-02-22 04:07:22'),
(1584, 1, 0.95, 380, 532.51, '2022-02-22 04:09:35'),
(1585, 1, 0.07, 380, 39.94, '2022-02-22 04:09:44'),
(1586, 1, 0.64, 380, 355.8, '2022-02-22 04:09:55'),
(1587, 1, 0.19, 380, 108.34, '2022-02-22 04:10:05'),
(1589, 1, 0.3, 380, 167.89, '2022-02-22 04:11:48'),
(1590, 1, 0.03, 380, 14.84, '2022-02-22 04:12:02'),
(1591, 1, 0, 380, -1.31, '2022-02-22 04:12:11'),
(1592, 1, 0.67, 380, 377.5, '2022-02-22 04:12:30'),
(1593, 1, 0.13, 380, 73.4, '2022-02-22 04:12:36'),
(1595, 1, 0.67, 380, 375.38, '2022-02-22 04:13:13'),
(1598, 1, 0.78, 380, 438.11, '2022-02-22 04:16:24'),
(1599, 1, 2.15, 380, 1202.12, '2022-02-22 04:16:43'),
(1600, 1, 0, 380, -0.45, '2022-02-22 04:17:28'),
(1601, 1, 0.04, 380, 24.83, '2022-02-22 04:17:50'),
(1602, 1, 0.18, 380, 102.2, '2022-02-22 04:18:00'),
(1603, 1, 0.19, 380, 104.17, '2022-02-22 04:18:10'),
(1604, 1, 1.22, 380, 685.29, '2022-02-22 04:18:19'),
(1605, 1, 0.62, 380, 344.11, '2022-02-22 04:18:29'),
(1606, 1, 0.14, 380, 79.09, '2022-02-22 04:18:39'),
(1607, 1, 0.06, 380, 31.02, '2022-02-22 04:18:49'),
(1608, 1, 0.02, 380, 9, '2022-02-22 04:18:59'),
(1609, 1, 0.32, 380, 177.49, '2022-02-22 04:19:09'),
(1610, 1, 0.07, 380, 41.81, '2022-02-22 04:19:19'),
(1611, 1, 0.01, 380, 3.1, '2022-02-22 04:19:28'),
(1612, 1, 0.15, 380, 84.87, '2022-02-22 04:19:38'),
(1613, 1, 0.04, 380, 21.52, '2022-02-22 04:19:51'),
(1614, 1, 0.03, 380, 15.6, '2022-02-22 04:20:01'),
(1615, 1, 0.25, 380, 138.12, '2022-02-22 04:20:11'),
(1616, 1, 0.67, 380, 373.73, '2022-02-22 04:20:21'),
(1617, 1, 1.35, 380, 754.92, '2022-02-22 04:20:31'),
(1618, 1, 0.86, 380, 480.64, '2022-02-22 04:20:41'),
(1619, 1, 0.05, 380, 29.76, '2022-02-22 04:20:50'),
(1620, 1, 0.54, 380, 302.54, '2022-02-22 04:21:01'),
(1621, 1, 0.03, 380, 14.62, '2022-02-22 04:21:10'),
(1622, 1, 0.08, 380, 44.99, '2022-02-22 04:21:20'),
(1623, 1, 0.86, 380, 483.47, '2022-02-22 04:21:30'),
(1624, 1, 0.88, 380, 491.67, '2022-02-22 04:21:40'),
(1625, 1, 0.2, 380, 112.32, '2022-02-22 04:21:51'),
(1626, 1, -0.05, 380, -30.23, '2022-02-22 04:22:01'),
(1627, 1, 0.49, 380, 273.72, '2022-02-22 04:22:11'),
(1628, 1, 0.01, 380, 2.85, '2022-02-22 04:22:20'),
(1629, 1, 0.04, 380, 23.39, '2022-02-22 04:22:31'),
(1630, 1, 0.15, 380, 83.95, '2022-02-22 04:22:41'),
(1631, 1, 0.01, 380, 7.51, '2022-02-22 04:22:50'),
(1632, 1, 0.04, 380, 23.15, '2022-02-22 04:23:00'),
(1633, 1, 0.14, 380, 80.53, '2022-02-22 04:23:10'),
(1634, 1, 0.45, 380, 250.15, '2022-02-22 04:23:20'),
(1635, 1, 0.08, 380, 46.11, '2022-02-22 04:23:29'),
(1636, 1, 0.83, 380, 465.6, '2022-02-22 04:23:39'),
(1637, 1, 0.17, 380, 95.64, '2022-02-22 04:23:49'),
(1638, 1, 0.13, 380, 74.44, '2022-02-22 04:23:59'),
(1639, 1, 0.18, 380, 99.84, '2022-02-22 04:24:09'),
(1640, 1, 0.07, 380, 37.61, '2022-02-22 04:24:19'),
(1641, 1, 0.27, 380, 148.5, '2022-02-22 04:24:29'),
(1642, 1, 0.18, 380, 99.5, '2022-02-22 04:24:42'),
(1643, 1, 0.03, 380, 17.12, '2022-02-22 04:24:53'),
(1644, 1, 0.16, 380, 92.08, '2022-02-22 04:25:03'),
(1645, 1, 0.03, 380, 16.65, '2022-02-22 04:25:13'),
(1646, 1, 0.06, 380, 31.18, '2022-02-22 04:25:23'),
(1647, 1, 0.21, 380, 115.6, '2022-02-22 04:25:33'),
(1648, 1, 0.18, 380, 99.57, '2022-02-22 04:25:47'),
(1649, 1, 0.21, 380, 118.5, '2022-02-22 04:25:56'),
(1650, 1, 0.48, 380, 270.53, '2022-02-22 04:26:06'),
(1651, 1, 0.21, 380, 119.43, '2022-02-22 04:26:16'),
(1652, 1, 0.17, 380, 93.32, '2022-02-22 04:26:26'),
(1653, 1, 0.13, 380, 72.23, '2022-02-22 04:26:36'),
(1654, 1, 0.63, 380, 354.43, '2022-02-22 04:26:46'),
(1655, 1, 0.67, 380, 372.9, '2022-02-22 04:26:56'),
(1656, 1, 0.16, 380, 88.54, '2022-02-22 04:27:06'),
(1657, 1, 0.76, 380, 426.82, '2022-02-22 04:27:16'),
(1658, 1, 0, 380, -0.08, '2022-02-22 04:27:26'),
(1659, 1, 0.03, 380, 16.24, '2022-02-22 04:27:39'),
(1660, 1, 0.88, 380, 490.16, '2022-02-22 04:27:49'),
(1661, 1, 0.08, 380, 44.11, '2022-02-22 04:27:59'),
(1662, 1, 0.54, 380, 304.73, '2022-02-22 04:28:09'),
(1663, 1, 0.96, 380, 535.9, '2022-02-22 04:28:19'),
(1664, 1, 0.07, 380, 41.94, '2022-02-22 04:28:29'),
(1665, 1, 0.65, 380, 362.48, '2022-02-22 04:28:39'),
(1666, 1, 0.04, 380, 24.32, '2022-02-22 04:28:49'),
(1667, 1, -0.02, 380, -13.01, '2022-02-22 04:28:59'),
(1668, 1, 0.2, 380, 112.68, '2022-02-22 04:29:08'),
(1669, 1, 1, 380, 559.96, '2022-02-22 04:29:19'),
(1670, 1, 0.16, 380, 89.17, '2022-02-22 04:29:29'),
(1672, 1, 0.01, 380, 3.23, '2022-02-22 05:06:37'),
(1673, 1, 0.05, 380, 29.62, '2022-02-22 05:06:48'),
(1674, 1, 0.16, 380, 91.26, '2022-02-22 05:06:59'),
(1675, 1, 0.05, 380, 30.2, '2022-02-22 05:07:08'),
(1676, 1, 1.15, 380, 642.96, '2022-02-22 05:07:21'),
(1677, 1, 0.04, 380, 23.27, '2022-02-22 05:07:31'),
(1678, 1, 1.05, 380, 585.91, '2022-02-22 05:07:41'),
(1679, 1, 0.03, 380, 15.09, '2022-02-22 05:07:51'),
(1680, 1, 1.14, 380, 640.53, '2022-02-22 05:08:09'),
(1681, 1, 0.19, 380, 106.36, '2022-02-22 05:08:18'),
(1682, 1, 0.02, 380, 10.12, '2022-02-22 05:08:28'),
(1684, 1, 0.56, 380, 314.42, '2022-02-22 05:09:10'),
(1685, 1, 0.14, 380, 75.87, '2022-02-22 05:09:11'),
(1686, 1, -0.02, 380, -13.87, '2022-02-22 05:09:29'),
(1688, 1, -0.01, 380, -5.27, '2022-02-22 05:09:48'),
(1689, 1, 0.61, 380, 340.07, '2022-02-22 05:09:57'),
(1690, 1, 0.18, 380, 100.13, '2022-02-22 05:10:11'),
(1691, 1, 0.01, 380, 7.53, '2022-02-22 05:10:21'),
(1692, 1, -0.01, 380, -5.25, '2022-02-22 05:10:31'),
(1693, 1, 0.83, 380, 462.16, '2022-02-22 05:10:41'),
(1694, 1, 0.02, 380, 13.47, '2022-02-22 05:10:55'),
(1695, 1, 0.57, 380, 318.75, '2022-02-22 05:11:05'),
(1696, 1, 0.1, 380, 57.97, '2022-02-22 05:11:16'),
(1698, 1, 0.16, 380, 90.27, '2022-02-22 05:11:43'),
(1699, 1, 1.31, 380, 730.29, '2022-02-22 05:12:26'),
(1700, 1, 0.03, 380, 18.15, '2022-02-22 05:12:37'),
(1701, 1, 0.02, 380, 11.07, '2022-02-22 05:12:58'),
(1702, 1, 0.03, 380, 19.01, '2022-02-22 05:13:08'),
(1703, 1, 1.09, 380, 612.41, '2022-02-22 05:13:19'),
(1704, 1, 0, 380, 0.83, '2022-02-22 05:13:29'),
(1705, 1, 0.88, 380, 489.76, '2022-02-22 05:13:43'),
(1706, 1, 0.05, 380, 28.81, '2022-02-22 05:13:53'),
(1707, 1, 0.04, 380, 24.2, '2022-02-22 05:14:03'),
(1708, 1, 1.12, 380, 628.02, '2022-02-22 05:14:16'),
(1709, 1, 0.03, 380, 14.61, '2022-02-22 05:14:29'),
(1710, 1, 0.66, 380, 369.03, '2022-02-22 05:14:38'),
(1711, 1, 0.16, 380, 88.14, '2022-02-22 05:14:48'),
(1712, 1, 0.28, 380, 154.79, '2022-02-22 05:14:59'),
(1713, 1, 0.2, 380, 113.96, '2022-02-22 05:15:10'),
(1714, 1, 1.33, 380, 743.56, '2022-02-22 05:15:21'),
(1715, 1, 0.01, 380, 5.9, '2022-02-22 05:15:31'),
(1716, 1, 0.06, 380, 35.12, '2022-02-22 05:15:41'),
(1719, 1, 0.09, 380, 48.9, '2022-02-22 05:27:30'),
(1720, 1, 0.35, 380, 193.8, '2022-02-22 05:27:51'),
(1721, 1, 0.09, 380, 53.14, '2022-02-22 05:28:16'),
(1722, 1, 0.25, 380, 137.5, '2022-02-22 05:28:29'),
(1723, 1, 0.06, 380, 33.19, '2022-02-22 05:28:46'),
(1726, 1, 0.67, 380, 373.6, '2022-02-22 05:30:06'),
(1727, 1, 0.02, 380, 12.14, '2022-02-22 05:30:19'),
(1728, 1, 0.11, 380, 64.25, '2022-02-22 05:30:28'),
(1729, 1, 0.03, 380, 14.61, '2022-02-22 05:30:40'),
(1730, 1, -0.03, 380, -14.29, '2022-02-22 05:30:57'),
(1731, 1, 0.04, 380, 20.44, '2022-02-22 05:31:08'),
(1732, 1, 0.17, 380, 93.05, '2022-02-22 05:31:22'),
(1734, 1, 0.14, 380, 77.18, '2022-02-22 05:32:03'),
(1735, 1, 0.51, 380, 285.38, '2022-02-22 05:32:19'),
(1736, 1, 0.1, 380, 58.11, '2022-02-22 05:32:32'),
(1737, 1, 0.25, 380, 137.51, '2022-02-22 05:32:45'),
(1738, 1, 0.04, 380, 20.33, '2022-02-22 05:33:25'),
(1739, 1, 0, 380, 1.29, '2022-02-22 05:33:42'),
(1740, 1, 0.05, 380, 26.13, '2022-02-22 05:33:52'),
(1741, 1, 0.03, 380, 15.56, '2022-02-22 05:34:10'),
(1742, 1, 0.45, 380, 252.94, '2022-02-22 05:34:19'),
(1743, 1, 0.24, 380, 132.18, '2022-02-22 05:34:33'),
(1745, 1, 0.15, 380, 83.33, '2022-02-22 05:35:07'),
(1746, 1, 0.26, 380, 143.09, '2022-02-22 05:35:18'),
(1747, 1, 0.04, 380, 24.11, '2022-02-22 05:35:32'),
(1749, 1, 0.21, 380, 119.76, '2022-02-22 05:36:09'),
(1750, 1, 1.23, 380, 686.07, '2022-02-22 05:36:22'),
(1751, 1, 0.03, 380, 15.8, '2022-02-22 05:36:37'),
(1753, 1, 0.6, 380, 334.22, '2022-02-22 05:37:11'),
(1754, 1, 0.02, 380, 8.41, '2022-02-22 05:37:22'),
(1755, 1, 0.7, 380, 389.15, '2022-02-22 05:37:33'),
(1756, 1, -0.01, 380, -5.64, '2022-02-27 07:04:08'),
(1757, 1, 0.01, 380, 8.08, '2022-02-27 07:04:43'),
(1758, 1, 0.25, 380, 138.09, '2022-02-27 07:05:17'),
(1759, 1, -0.04, 380, -22.54, '2022-02-27 07:05:52'),
(1760, 1, -0.01, 380, -5.28, '2022-02-27 07:06:26'),
(1761, 1, -0.04, 380, -20.06, '2022-02-27 07:07:01'),
(1762, 1, 0.97, 380, 543.93, '2022-02-27 07:07:35'),
(1763, 1, -0.01, 380, -8.2, '2022-02-27 07:08:10'),
(1764, 1, -0.03, 380, -16.27, '2022-02-27 07:08:45'),
(1765, 1, 0.84, 380, 471.52, '2022-02-27 07:09:19'),
(1766, 1, 0.02, 380, 8.42, '2022-02-27 07:09:54'),
(1767, 1, 0, 380, 0.71, '2022-02-27 07:10:28'),
(1768, 1, -0.03, 380, -16.76, '2022-02-27 07:11:03'),
(1769, 1, -0.01, 380, -4.86, '2022-02-27 07:11:37'),
(1770, 1, -0.04, 380, -21.69, '2022-02-27 07:12:12'),
(1771, 1, 0.02, 380, 9.37, '2022-02-27 07:12:47'),
(1772, 1, 0.2, 380, 112.23, '2022-02-27 17:04:11'),
(1773, 1, 0.57, 380, 318.77, '2022-02-27 17:04:45'),
(1774, 1, 0.16, 380, 90.12, '2022-02-27 17:05:20'),
(1775, 1, 0.2, 380, 110.11, '2022-02-27 17:05:55'),
(1776, 1, 0.3, 380, 167.89, '2022-02-27 17:06:29'),
(1777, 1, 0.19, 380, 104.26, '2022-02-27 17:07:04'),
(1778, 1, 0.29, 380, 161.53, '2022-02-27 17:07:38'),
(1779, 1, 0.36, 380, 203.71, '2022-02-27 17:08:13'),
(1780, 1, 0.53, 380, 297.17, '2022-02-27 17:08:47'),
(1781, 1, 0.77, 380, 431.59, '2022-02-27 17:09:22'),
(1782, 1, 1.38, 380, 774.33, '2022-02-27 17:09:57'),
(1783, 1, 0.19, 380, 108.89, '2022-02-27 17:10:31'),
(1784, 1, 0.17, 380, 95.6, '2022-02-27 17:11:06'),
(1785, 1, 0.16, 380, 91.92, '2022-02-27 17:11:41'),
(1786, 1, 0.17, 380, 94.93, '2022-02-27 17:12:18'),
(1787, 1, 0.16, 380, 86.82, '2022-02-27 17:12:52'),
(1788, 1, 0.14, 380, 78.21, '2022-02-27 17:13:27'),
(1789, 1, 0.15, 380, 82.06, '2022-02-27 17:14:02'),
(1790, 1, 0.13, 380, 73.67, '2022-02-27 17:14:36'),
(1791, 1, 0.12, 380, 69.66, '2022-02-27 17:15:11'),
(1792, 1, 0.16, 380, 87.63, '2022-02-27 17:15:45'),
(1793, 1, 0.17, 380, 92.63, '2022-02-27 17:16:20'),
(1794, 1, 0.12, 380, 68.5, '2022-02-27 17:16:55'),
(1795, 1, 0.15, 380, 85.5, '2022-02-27 17:17:29'),
(1796, 1, 0.14, 380, 76.37, '2022-02-27 17:18:04'),
(1797, 1, 0.12, 380, 69.3, '2022-02-27 17:18:38'),
(1798, 1, 0.13, 380, 75.37, '2022-02-27 17:19:13'),
(1799, 1, 0.12, 380, 66.47, '2022-02-27 17:19:48'),
(1800, 1, 0.77, 380, 432.83, '2022-02-27 17:20:22'),
(1801, 1, 1.36, 380, 758.47, '2022-02-27 17:20:57'),
(1802, 1, 0.16, 380, 87.1, '2022-02-27 17:21:32'),
(1803, 1, 0.14, 380, 80.96, '2022-02-27 17:22:06'),
(1804, 1, 0.21, 380, 119.94, '2022-02-27 17:22:41'),
(1805, 1, 0.12, 380, 67.31, '2022-02-27 17:23:16'),
(1806, 1, 0.29, 380, 160.67, '2022-02-27 17:23:50'),
(1807, 1, 0.11, 380, 62.79, '2022-02-27 17:24:25'),
(1808, 1, 0.13, 380, 71.77, '2022-02-27 17:25:00'),
(1809, 1, 0.12, 380, 68.48, '2022-02-27 17:25:34'),
(1810, 1, 0.12, 380, 66.63, '2022-02-27 17:26:09'),
(1811, 1, 0.13, 380, 72.66, '2022-02-27 17:26:43'),
(1812, 1, 0.11, 380, 59.16, '2022-02-27 17:27:18'),
(1813, 1, 0.12, 380, 66.02, '2022-02-27 17:27:53'),
(1814, 1, 0.09, 380, 50.95, '2022-02-27 17:28:27'),
(1815, 1, 0.09, 380, 49.86, '2022-02-27 17:29:02'),
(1816, 1, 0.73, 380, 409.96, '2022-02-27 17:29:37'),
(1817, 1, 0.1, 380, 56.83, '2022-02-27 17:30:11'),
(1818, 1, 0.11, 380, 60.33, '2022-02-27 17:30:46'),
(1819, 1, 0.11, 380, 60.77, '2022-02-27 17:31:20'),
(1820, 1, 0.1, 380, 58.02, '2022-02-27 17:31:55'),
(1821, 1, 0.12, 380, 64.77, '2022-02-27 17:32:30'),
(1822, 1, 0.1, 380, 53.25, '2022-02-27 17:33:04'),
(1823, 1, 0.09, 380, 47.94, '2022-02-27 17:33:39'),
(1824, 1, 0.61, 380, 341.33, '2022-02-27 17:34:13'),
(1825, 1, 0.07, 380, 39.53, '2022-02-27 17:34:48'),
(1826, 1, 1.06, 380, 592.6, '2022-02-27 17:35:23'),
(1827, 1, 0.8, 380, 445, '2022-02-27 17:35:57'),
(1828, 1, 0.09, 380, 49.11, '2022-02-27 17:36:32'),
(1829, 1, 0.08, 380, 46.25, '2022-02-27 17:37:06'),
(1830, 1, 0.08, 380, 44.56, '2022-02-27 17:37:41'),
(1831, 1, 0.09, 380, 48.33, '2022-02-27 17:38:15'),
(1832, 1, 0.45, 380, 252.25, '2022-02-27 17:38:50'),
(1833, 1, 0.09, 380, 48.48, '2022-02-27 17:39:25'),
(1834, 1, 0.22, 380, 120.47, '2022-02-27 17:39:59'),
(1835, 1, 1.21, 380, 674.36, '2022-02-27 17:40:34'),
(1836, 1, 0.08, 380, 46.06, '2022-02-27 17:41:09'),
(1837, 1, 0.07, 380, 40.65, '2022-02-27 17:41:43'),
(1838, 1, 0.2, 380, 114.09, '2022-02-27 17:42:18'),
(1839, 1, 0.06, 380, 35.63, '2022-02-27 17:42:52'),
(1840, 1, 0.08, 380, 43.41, '2022-02-27 17:43:30'),
(1841, 1, 0.54, 380, 303.11, '2022-02-27 17:44:04'),
(1842, 1, 0.07, 380, 41.05, '2022-02-27 17:44:39'),
(1843, 1, 0.06, 380, 35.64, '2022-02-27 17:45:14'),
(1844, 1, 0.07, 380, 41.63, '2022-02-27 17:45:48'),
(1845, 1, 0.09, 380, 49.03, '2022-02-27 17:46:23'),
(1846, 1, 0.07, 380, 40.46, '2022-02-27 17:46:58'),
(1847, 1, 0.09, 380, 52.09, '2022-02-27 17:47:32'),
(1848, 1, 0.06, 380, 36.29, '2022-02-27 17:48:07'),
(1849, 1, 0.09, 380, 49.77, '2022-02-27 17:48:42'),
(1850, 1, 0.09, 380, 50.07, '2022-02-27 17:49:16'),
(1851, 1, 0.08, 380, 42.42, '2022-02-27 17:49:51'),
(1852, 1, 0.11, 380, 61.07, '2022-02-27 17:50:25'),
(1853, 1, 0.07, 380, 38.16, '2022-02-27 17:51:00'),
(1854, 1, 0.97, 380, 541.28, '2022-02-27 17:51:34'),
(1855, 1, 0.1, 380, 53.72, '2022-02-27 17:52:09'),
(1856, 1, 0.78, 380, 438.97, '2022-02-27 17:52:44'),
(1857, 1, 0.07, 380, 38.91, '2022-02-27 17:53:18'),
(1858, 1, 0.08, 380, 46.13, '2022-02-27 17:53:53'),
(1859, 1, 0.08, 380, 43.72, '2022-02-27 17:54:28'),
(1860, 1, 0.06, 380, 34.77, '2022-02-27 17:55:03'),
(1861, 1, 0.06, 380, 32.47, '2022-02-27 17:55:37'),
(1862, 1, 0.07, 380, 38.95, '2022-02-27 17:56:12'),
(1863, 1, 0.08, 380, 42.14, '2022-02-27 17:56:46'),
(1864, 1, 0.07, 380, 36.38, '2022-02-27 17:57:21'),
(1865, 1, 0.15, 380, 83.16, '2022-02-27 17:57:56'),
(1866, 1, 0.08, 380, 45.41, '2022-02-27 17:58:30'),
(1867, 1, 0.56, 380, 315.86, '2022-02-27 17:59:05'),
(1868, 1, 0.8, 380, 447.54, '2022-02-27 17:59:39'),
(1869, 1, 0.07, 380, 41.05, '2022-02-27 18:00:14'),
(1870, 1, 0.05, 380, 29.56, '2022-02-27 18:00:49'),
(1871, 1, 0.05, 380, 28.94, '2022-02-27 18:01:23'),
(1872, 1, 0.53, 380, 297.44, '2022-02-27 18:01:58'),
(1873, 1, 0.04, 380, 23.9, '2022-02-27 18:02:33'),
(1874, 1, 0.05, 380, 27.66, '2022-02-27 18:03:10'),
(1875, 1, 0.5, 380, 277.9, '2022-02-27 18:03:45'),
(1876, 1, 0.04, 380, 24.82, '2022-02-27 18:04:20'),
(1877, 1, 0.04, 380, 22.11, '2022-02-27 18:04:54'),
(1878, 1, 0.03, 380, 17.52, '2022-02-27 18:05:29'),
(1879, 1, 0.09, 380, 48.07, '2022-02-27 18:06:04'),
(1880, 1, 0.04, 380, 20.76, '2022-02-27 18:06:38'),
(1881, 1, 0.09, 380, 48.11, '2022-02-27 18:07:13'),
(1882, 1, 0.04, 380, 22.84, '2022-02-27 18:07:47'),
(1883, 1, 0.04, 380, 24.85, '2022-02-27 18:08:22'),
(1884, 1, 0.04, 380, 23.93, '2022-02-27 18:09:00'),
(1885, 1, 0.03, 380, 14.05, '2022-02-27 18:09:34'),
(1886, 1, 0.05, 380, 26.97, '2022-02-27 18:10:09'),
(1887, 1, 0.05, 380, 26.92, '2022-02-27 18:10:44'),
(1888, 1, 0.04, 380, 24.47, '2022-02-27 18:11:18'),
(1889, 1, 0.05, 380, 29.95, '2022-02-27 18:11:53'),
(1890, 1, 0.06, 380, 33.86, '2022-02-27 18:12:28'),
(1891, 1, 0.04, 380, 24.52, '2022-02-27 18:13:02'),
(1892, 1, 0.04, 380, 22.27, '2022-02-27 18:13:37'),
(1893, 1, 0.05, 380, 25.72, '2022-02-27 18:14:12'),
(1894, 1, 0.32, 380, 177.94, '2022-02-27 18:14:46'),
(1895, 1, 0.04, 380, 21.38, '2022-02-27 18:15:21'),
(1896, 1, 1.17, 380, 655.93, '2022-02-27 18:15:55'),
(1897, 1, 0.03, 380, 15.11, '2022-02-27 18:16:30'),
(1898, 1, 0.03, 380, 19.53, '2022-02-27 18:17:05'),
(1899, 1, 0.02, 380, 9.21, '2022-02-27 18:17:39'),
(1900, 1, 0.03, 380, 14.97, '2022-02-27 18:18:14'),
(1901, 1, 0.03, 380, 14.93, '2022-02-27 18:18:48'),
(1902, 1, 0, 380, 2.43, '2022-02-27 18:19:26'),
(1903, 1, 0.03, 380, 17.6, '2022-02-27 18:20:01'),
(1904, 1, 0.42, 380, 232.53, '2022-02-27 18:20:35'),
(1905, 1, 0.01, 380, 7.36, '2022-02-27 18:21:10'),
(1906, 1, 0.03, 380, 16.16, '2022-02-27 18:21:44'),
(1907, 1, 0.02, 380, 13.9, '2022-02-27 18:22:19'),
(1908, 1, 0.02, 380, 10.01, '2022-02-27 18:22:54'),
(1909, 1, 0.02, 380, 9.85, '2022-02-27 18:23:29'),
(1910, 1, 0.01, 380, 8.16, '2022-02-27 18:24:03'),
(1911, 1, 0.02, 380, 8.9, '2022-02-27 18:24:38'),
(1912, 1, 0.02, 380, 9.23, '2022-02-27 18:25:12'),
(1913, 1, 0.16, 380, 89.48, '2022-02-27 18:25:47'),
(1914, 1, 0.01, 380, 7.53, '2022-02-27 18:26:22'),
(1915, 1, 0.03, 380, 15.21, '2022-02-27 18:26:56'),
(1916, 1, 0.03, 380, 17.41, '2022-02-27 18:27:31'),
(1917, 1, 0.07, 380, 41.6, '2022-02-27 18:28:05'),
(1918, 1, 0.03, 380, 14.98, '2022-02-27 18:28:40'),
(1919, 1, 0.01, 380, 4.6, '2022-02-27 18:29:14'),
(1920, 1, 0.01, 380, 4.08, '2022-02-27 18:29:49'),
(1921, 1, 0.02, 380, 12.31, '2022-02-27 18:30:23'),
(1922, 1, 0.67, 380, 374.39, '2022-02-27 18:30:58'),
(1923, 1, 0.18, 380, 99.35, '2022-02-27 18:31:33'),
(1924, 1, 0.51, 380, 287.81, '2022-02-27 18:32:07'),
(1925, 1, 0, 380, -0.23, '2022-02-27 18:32:42'),
(1926, 1, 0.01, 380, 4.47, '2022-02-27 18:33:16'),
(1927, 1, 0.01, 380, 5.6, '2022-02-27 18:33:51'),
(1928, 1, 0.02, 380, 11.56, '2022-02-27 18:34:26'),
(1929, 1, 0.01, 380, 8.04, '2022-02-27 18:35:00'),
(1930, 1, 0, 380, -0.94, '2022-02-27 18:35:35'),
(1931, 1, 0.01, 380, 3.44, '2022-02-27 18:36:09'),
(1932, 1, 0.02, 380, 9.79, '2022-02-27 18:36:44'),
(1933, 1, 0.05, 380, 29.72, '2022-02-27 18:37:18'),
(1934, 1, 0.01, 380, 2.91, '2022-02-27 18:37:53'),
(1935, 1, 0, 380, -2.74, '2022-02-27 18:38:28'),
(1936, 1, -0.01, 380, -3.83, '2022-02-27 18:39:02'),
(1937, 1, 0, 380, -2.72, '2022-02-27 18:39:37'),
(1938, 1, -0.01, 380, -6.85, '2022-02-27 18:40:11'),
(1939, 1, 0, 380, -2.16, '2022-02-27 18:40:46'),
(1940, 1, -0.01, 380, -5.69, '2022-02-27 18:41:21'),
(1941, 1, 0.01, 380, 4.75, '2022-02-27 18:41:55'),
(1942, 1, -0.01, 380, -2.8, '2022-02-27 18:42:30'),
(1943, 1, -0.01, 380, -5.46, '2022-02-27 18:43:04'),
(1944, 1, 0.01, 380, 6.17, '2022-02-27 18:43:39'),
(1945, 1, 0, 380, 0.1, '2022-02-27 18:44:14'),
(1946, 1, -0.02, 380, -10.25, '2022-02-27 18:44:48'),
(1947, 1, -0.02, 380, -8.62, '2022-02-27 18:45:23'),
(1948, 1, -0.02, 380, -11.48, '2022-02-27 18:45:57'),
(1949, 1, 0.03, 380, 18.14, '2022-02-27 18:46:32'),
(1950, 1, 0.18, 380, 102.07, '2022-02-27 18:47:07'),
(1951, 1, -0.01, 380, -4.18, '2022-02-27 18:47:41'),
(1952, 1, -0.01, 380, -7.75, '2022-02-27 18:48:16'),
(1953, 1, 0.5, 380, 279.88, '2022-02-27 18:48:50'),
(1954, 1, 0.04, 380, 20.52, '2022-02-27 18:49:25'),
(1955, 1, 0.21, 380, 118.36, '2022-02-27 18:50:00'),
(1956, 1, 0.02, 380, 13.24, '2022-02-27 18:50:34'),
(1957, 1, 0.06, 380, 34.01, '2022-02-27 18:51:09'),
(1958, 1, 0.1, 380, 55.07, '2022-02-27 18:51:43'),
(1959, 1, 0.08, 380, 44.82, '2022-02-27 18:52:18'),
(1960, 1, 0.06, 380, 33.42, '2022-02-27 18:52:52'),
(1961, 1, 0.28, 380, 154.93, '2022-02-27 18:53:27'),
(1962, 1, 0.01, 380, 6.32, '2022-03-02 21:11:54'),
(1963, 1, 0.03, 380, 15.6, '2022-03-02 21:12:31'),
(1964, 1, 0.03, 380, 16.49, '2022-03-02 21:13:07'),
(1965, 1, -0.1, 380, -53.52, '2022-03-05 12:46:32'),
(1966, 1, -0.1, 380, -53.36, '2022-03-05 12:47:07'),
(1967, 1, -0.1, 380, -53.28, '2022-03-05 12:47:43'),
(1968, 1, -0.09, 380, -49.62, '2022-03-05 12:48:18'),
(1969, 1, 0.8, 380, 448.71, '2022-03-05 12:48:53'),
(1970, 1, 0.09, 380, 49.58, '2022-03-05 12:49:28'),
(1971, 1, -0.1, 380, -54.64, '2022-03-05 12:50:03'),
(1972, 1, 0.1, 380, 54.66, '2022-03-05 12:50:39'),
(1973, 1, 0.68, 380, 382.03, '2022-03-05 12:51:14'),
(1974, 1, -0.09, 380, -50.93, '2022-03-05 12:51:52'),
(1975, 1, -0.08, 380, -47.21, '2022-03-05 12:52:26'),
(1976, 1, -0.09, 380, -49.78, '2022-03-05 12:53:01'),
(1977, 1, -0.07, 380, -39.43, '2022-03-05 12:53:35'),
(1978, 1, -0.09, 380, -49.72, '2022-03-05 12:54:14'),
(1979, 1, -0.08, 380, -45.48, '2022-03-05 12:54:48'),
(1980, 1, -0.08, 380, -46.46, '2022-03-05 12:55:22'),
(1981, 1, -0.08, 380, -45.55, '2022-03-05 12:55:57'),
(1982, 1, -0.07, 380, -39.82, '2022-03-05 12:56:32'),
(1983, 1, -0.08, 380, -44.34, '2022-03-05 12:57:06'),
(1984, 1, -0.08, 380, -42.31, '2022-03-05 12:57:41'),
(1985, 1, -0.07, 380, -41.46, '2022-03-05 12:58:16'),
(1986, 1, -0.07, 380, -41.48, '2022-03-05 12:58:50'),
(1987, 1, -0.08, 380, -43.8, '2022-03-05 12:59:28'),
(1988, 1, -0.09, 380, -47.56, '2022-03-05 13:00:00'),
(1989, 1, -0.08, 380, -46.41, '2022-03-05 13:00:34'),
(1990, 1, 0.68, 380, 379.86, '2022-03-05 13:01:09'),
(1991, 1, -0.09, 380, -47.9, '2022-03-05 13:01:44'),
(1992, 1, -0.08, 380, -45.64, '2022-03-05 13:02:18'),
(1993, 1, -0.08, 380, -43.13, '2022-03-05 13:02:53'),
(1994, 1, -0.08, 380, -45.59, '2022-03-05 13:03:28'),
(1995, 1, -0.08, 380, -45.83, '2022-03-05 13:04:02'),
(1996, 1, -0.08, 380, -45.14, '2022-03-05 13:04:37'),
(1997, 1, -0.08, 380, -44.98, '2022-03-05 13:05:12'),
(1998, 1, 0.24, 380, 132.23, '2022-03-05 13:05:46'),
(1999, 1, -0.08, 380, -44.35, '2022-03-05 13:06:21'),
(2000, 1, -0.08, 380, -43.93, '2022-03-05 13:06:55'),
(2001, 1, 0.78, 380, 434.14, '2022-03-05 13:07:30'),
(2002, 1, 0.01, 380, 2.99, '2022-03-05 13:08:06'),
(2003, 1, -0.07, 380, -41.81, '2022-03-05 13:08:41'),
(2004, 1, -0.08, 380, -46.42, '2022-03-05 13:09:19'),
(2005, 1, -0.08, 380, -44.75, '2022-03-05 13:09:54'),
(2006, 1, -0.09, 380, -48.54, '2022-03-05 13:10:29'),
(2007, 1, -0.08, 380, -44.97, '2022-03-05 13:11:03'),
(2008, 1, -0.08, 380, -42.61, '2022-03-05 13:11:39'),
(2009, 1, -0.09, 380, -48.3, '2022-03-05 13:12:14'),
(2010, 1, -0.08, 380, -42.9, '2022-03-05 13:12:49'),
(2011, 1, -0.08, 380, -43.59, '2022-03-05 13:13:24'),
(2012, 1, -0.08, 380, -43.76, '2022-03-05 13:14:00'),
(2013, 1, -0.08, 380, -44.54, '2022-03-05 13:14:37'),
(2014, 1, -0.08, 380, -43.04, '2022-03-05 13:15:13'),
(2015, 1, 1.4, 380, 782.09, '2022-03-05 13:15:48'),
(2016, 1, -0.08, 380, -42.25, '2022-03-05 13:16:23'),
(2017, 1, -0.07, 380, -40.75, '2022-03-05 13:16:58'),
(2018, 1, -0.08, 380, -43.17, '2022-03-05 13:17:34'),
(2019, 1, -0.08, 380, -42.16, '2022-03-05 13:18:09'),
(2020, 1, -0.07, 380, -38.9, '2022-03-05 13:18:45'),
(2021, 1, -0.08, 380, -45.9, '2022-03-05 13:19:20'),
(2022, 1, -0.08, 380, -42.08, '2022-03-05 13:19:58'),
(2023, 1, -0.07, 380, -41.76, '2022-03-05 13:20:30'),
(2024, 1, -0.08, 380, -43.55, '2022-03-05 13:21:05'),
(2025, 1, -0.08, 380, -44.4, '2022-03-05 13:21:40'),
(2026, 1, -0.08, 380, -47.3, '2022-03-05 13:22:14'),
(2027, 1, -0.07, 380, -41.65, '2022-03-05 13:22:49'),
(2028, 1, -0.08, 380, -46.04, '2022-03-05 13:23:25'),
(2029, 1, -0.08, 380, -45.91, '2022-03-05 13:24:01'),
(2030, 1, -0.07, 380, -40.42, '2022-03-05 13:24:36'),
(2031, 1, -0.08, 380, -43.43, '2022-03-05 13:25:11'),
(2032, 1, -0.09, 380, -48.02, '2022-03-05 13:25:46'),
(2033, 1, -0.08, 380, -45.49, '2022-03-05 13:26:22'),
(2034, 1, 0.22, 380, 123.99, '2022-03-05 13:26:57'),
(2035, 1, -0.07, 380, -40.32, '2022-03-05 13:27:32'),
(2036, 1, -0.08, 380, -43.67, '2022-03-05 13:28:06'),
(2037, 1, -0.08, 380, -45.36, '2022-03-05 13:28:41'),
(2038, 1, -0.07, 380, -40.01, '2022-03-05 13:29:16'),
(2039, 1, -0.08, 380, -42.65, '2022-03-05 13:29:51'),
(2040, 1, -0.07, 380, -41.02, '2022-03-05 13:30:30'),
(2041, 1, -0.08, 380, -44.14, '2022-03-05 13:31:08'),
(2042, 1, -0.04, 380, -23.3, '2022-03-05 13:31:44'),
(2043, 1, -0.07, 380, -39.59, '2022-03-05 13:32:21'),
(2044, 1, -0.06, 380, -35.18, '2022-03-05 13:32:57'),
(2045, 1, -0.07, 380, -40.61, '2022-03-05 13:33:38'),
(2046, 1, 0.79, 380, 442.82, '2022-03-05 13:34:16'),
(2047, 1, -0.07, 380, -36.68, '2022-03-05 13:34:58'),
(2048, 1, 0.44, 380, 247.11, '2022-03-05 13:35:36'),
(2049, 1, -0.08, 380, -43.09, '2022-03-05 13:36:18'),
(2050, 1, -0.07, 380, -41.93, '2022-03-05 13:36:58'),
(2051, 1, -0.06, 380, -34.17, '2022-03-05 13:37:31'),
(2052, 1, -0.08, 380, -42.84, '2022-03-05 13:38:06'),
(2053, 1, -0.07, 380, -38.85, '2022-03-05 13:38:42'),
(2054, 1, -0.07, 380, -41.95, '2022-03-05 13:39:18'),
(2055, 1, 0.04, 380, 21.05, '2022-03-05 13:39:56'),
(2056, 1, -0.07, 380, -40.29, '2022-03-05 13:40:34'),
(2057, 1, -0.08, 380, -44.82, '2022-03-05 13:41:08'),
(2058, 1, -0.07, 380, -37.55, '2022-03-05 13:41:43'),
(2059, 1, -0.08, 380, -44.99, '2022-03-05 13:42:20'),
(2060, 1, -0.08, 380, -44.38, '2022-03-05 13:42:57'),
(2061, 1, -0.07, 380, -38.49, '2022-03-05 13:43:33'),
(2062, 1, -0.07, 380, -40.09, '2022-03-05 13:44:16'),
(2063, 1, -0.07, 380, -41.49, '2022-03-05 13:44:48'),
(2064, 1, -0.07, 380, -37.75, '2022-03-05 13:45:25'),
(2065, 1, -0.04, 380, -24.35, '2022-03-05 13:46:07'),
(2066, 1, -0.07, 380, -39.01, '2022-03-05 13:46:40'),
(2067, 1, -0.04, 380, -20.91, '2022-03-05 13:47:16'),
(2068, 1, 0.19, 380, 107.65, '2022-03-05 13:47:51'),
(2069, 1, -0.06, 380, -36.11, '2022-03-05 13:48:26'),
(2070, 1, -0.08, 380, -44.12, '2022-03-05 13:49:02'),
(2071, 1, -0.07, 380, -37.03, '2022-03-05 13:49:38'),
(2072, 1, -0.08, 380, -44.24, '2022-03-05 13:50:13'),
(2073, 1, -0.08, 380, -42.54, '2022-03-05 13:50:48'),
(2074, 1, 0.04, 380, 22.13, '2022-03-05 13:51:23'),
(2075, 1, -0.07, 380, -41.62, '2022-03-05 13:51:58'),
(2076, 1, -0.06, 380, -35.36, '2022-03-05 13:52:34'),
(2077, 1, -0.03, 380, -17.14, '2022-03-05 13:53:08'),
(2078, 1, -0.08, 380, -42.65, '2022-03-05 13:53:44'),
(2079, 1, -0.07, 380, -39.77, '2022-03-05 13:54:19'),
(2080, 1, -0.08, 380, -42.97, '2022-03-05 13:54:55'),
(2081, 1, -0.07, 380, -39.98, '2022-03-05 13:55:30'),
(2082, 1, -0.07, 380, -41.03, '2022-03-05 13:56:05'),
(2083, 1, 0.81, 380, 454.56, '2022-03-05 13:56:40'),
(2084, 1, 0.06, 380, 33.2, '2022-03-05 13:57:15'),
(2085, 1, 0.09, 380, 50.42, '2022-03-05 13:57:50'),
(2086, 1, -0.06, 380, -33.6, '2022-03-05 13:58:27'),
(2087, 1, -0.08, 380, -42.74, '2022-03-05 13:59:03'),
(2088, 1, -0.07, 380, -40.87, '2022-03-05 13:59:38'),
(2089, 1, -0.07, 380, -41.64, '2022-03-05 14:00:13'),
(2090, 1, -0.08, 380, -45.95, '2022-03-05 14:00:48'),
(2091, 1, -0.08, 380, -44.04, '2022-03-05 14:01:24'),
(2092, 1, -0.08, 380, -42.19, '2022-03-05 14:01:59'),
(2093, 1, -0.07, 380, -38.37, '2022-03-05 14:02:34'),
(2094, 1, 0.24, 380, 135.94, '2022-03-05 14:03:09'),
(2095, 1, 0.62, 380, 345.43, '2022-03-05 14:09:43'),
(2096, 1, -0.08, 380, -45.62, '2022-03-05 14:10:19'),
(2097, 1, -0.08, 380, -45.88, '2022-03-05 14:10:54'),
(2098, 1, -0.08, 380, -44.71, '2022-03-05 14:11:30'),
(2099, 1, -0.08, 380, -44.63, '2022-03-05 14:12:06'),
(2100, 1, -0.08, 380, -45.06, '2022-03-05 14:12:42'),
(2101, 1, 0.07, 380, 39.37, '2022-03-05 14:13:18'),
(2102, 1, -0.03, 380, -18.77, '2022-03-05 14:13:53'),
(2103, 1, -0.08, 380, -42.59, '2022-03-05 14:14:29'),
(2104, 1, -0.08, 380, -47.1, '2022-03-05 14:15:03'),
(2105, 1, -0.07, 380, -39.94, '2022-03-05 14:15:38'),
(2106, 1, -0.07, 380, -41.58, '2022-03-05 14:16:13'),
(2107, 1, -0.08, 380, -46.12, '2022-03-05 14:16:49'),
(2108, 1, -0.07, 380, -40.88, '2022-03-05 14:17:24'),
(2109, 1, -0.07, 380, -41.1, '2022-03-05 14:18:03'),
(2110, 1, 0.08, 380, 45.1, '2022-03-05 14:18:38'),
(2111, 1, -0.08, 380, -42.78, '2022-03-05 14:19:14'),
(2112, 1, -0.01, 380, -6.29, '2022-03-05 14:24:18'),
(2113, 1, -0.07, 380, -41.16, '2022-03-05 14:24:53'),
(2114, 1, 0.22, 380, 122.06, '2022-03-05 14:25:27'),
(2115, 1, 0.22, 380, 120.68, '2022-03-05 14:26:02'),
(2116, 1, 0.22, 380, 123.69, '2022-03-05 14:26:36'),
(2117, 1, 0.21, 380, 118.51, '2022-03-05 14:27:11'),
(2118, 1, 0.22, 380, 124.2, '2022-03-05 14:27:46'),
(2119, 1, 0.23, 380, 127.37, '2022-03-05 14:28:20'),
(2120, 1, 0.22, 380, 125.23, '2022-03-05 14:28:55'),
(2121, 1, 0.23, 380, 126.45, '2022-03-05 14:29:29'),
(2122, 1, 0.22, 380, 124.54, '2022-03-05 14:30:04'),
(2123, 1, 0.24, 380, 136.54, '2022-03-05 14:30:39'),
(2124, 1, 0.2, 380, 110.23, '2022-03-05 14:31:16'),
(2125, 1, 0.21, 380, 119.99, '2022-03-05 14:31:51'),
(2126, 1, 0.23, 380, 128.27, '2022-03-05 14:32:25'),
(2127, 1, 0.24, 380, 134.08, '2022-03-05 14:33:00'),
(2128, 1, 0.22, 380, 125.31, '2022-03-05 14:33:35'),
(2129, 1, 0.27, 380, 148.63, '2022-03-05 14:34:09'),
(2130, 1, 0.23, 380, 129.35, '2022-03-05 14:34:44'),
(2131, 1, 0.23, 380, 127.23, '2022-03-05 14:35:18'),
(2132, 1, 0.22, 380, 125.07, '2022-03-05 14:35:53'),
(2133, 1, 0.21, 380, 117.03, '2022-03-05 14:36:28'),
(2134, 1, 0.22, 380, 125.54, '2022-03-05 14:37:02'),
(2135, 1, 0.22, 380, 125.58, '2022-03-05 14:37:37'),
(2136, 1, 0.22, 380, 123.72, '2022-03-05 14:38:11'),
(2137, 1, 0.2, 380, 111.51, '2022-03-05 14:38:46'),
(2138, 1, 0.22, 380, 124.25, '2022-03-05 14:39:21'),
(2139, 1, 0.22, 380, 125.14, '2022-03-05 14:39:55'),
(2140, 1, 0.23, 380, 126.49, '2022-03-05 14:40:30'),
(2141, 1, 0.27, 380, 149.22, '2022-03-05 14:41:05'),
(2142, 1, 0.22, 380, 124.74, '2022-03-05 14:41:39'),
(2143, 1, 0.22, 380, 124.92, '2022-03-05 14:42:14'),
(2144, 1, 0.22, 380, 124.23, '2022-03-05 14:42:49'),
(2145, 1, 0.22, 380, 124.49, '2022-03-05 14:43:23'),
(2146, 1, 0.21, 380, 116.13, '2022-03-05 14:43:58'),
(2147, 1, 0.22, 380, 123.75, '2022-03-05 14:44:32'),
(2148, 1, 0.22, 380, 123.57, '2022-03-05 14:45:10'),
(2149, 1, 0.23, 380, 125.96, '2022-03-05 14:45:44'),
(2150, 1, 0.63, 380, 352.56, '2022-03-05 14:46:19'),
(2151, 1, 0.11, 380, 61.55, '2022-03-05 15:05:03'),
(2152, 1, 0.24, 380, 136.56, '2022-03-05 15:05:37'),
(2153, 1, 0.28, 380, 157.18, '2022-03-05 15:06:11'),
(2154, 1, 0.24, 380, 136.91, '2022-03-05 15:06:46'),
(2155, 1, 0.24, 380, 135.16, '2022-03-05 15:07:21'),
(2156, 1, 0.24, 380, 134.59, '2022-03-05 15:07:55'),
(2157, 1, 0.21, 380, 116.74, '2022-03-05 15:08:30'),
(2158, 1, 0.23, 380, 126.42, '2022-03-05 15:09:07'),
(2159, 1, 0.23, 380, 131.07, '2022-03-05 15:09:44'),
(2160, 1, 0.21, 380, 115.87, '2022-03-05 15:10:19'),
(2161, 1, 0.2, 380, 112.68, '2022-03-05 15:10:53'),
(2162, 1, 0.19, 380, 105.05, '2022-03-05 15:11:31'),
(2163, 1, 0.21, 380, 120.03, '2022-03-05 15:12:05'),
(2164, 1, 0.16, 380, 89.17, '2022-03-05 15:12:40'),
(2165, 1, 0.16, 380, 91.52, '2022-03-05 15:13:15'),
(2166, 1, 0.15, 380, 86.13, '2022-03-05 15:13:49'),
(2167, 1, 0.13, 380, 72.92, '2022-03-05 15:14:24'),
(2168, 1, 0.14, 380, 81, '2022-03-05 15:15:02'),
(2169, 1, 0.16, 380, 90.83, '2022-03-05 15:15:36'),
(2170, 1, 0.17, 380, 94.98, '2022-03-05 15:16:11'),
(2171, 1, 0.14, 380, 77.55, '2022-03-05 15:16:45'),
(2172, 1, 0.17, 380, 95.02, '2022-03-05 15:17:20'),
(2173, 1, 0.15, 380, 82.99, '2022-03-05 15:17:54'),
(2174, 1, 0.2, 380, 114.48, '2022-03-05 20:26:29'),
(2175, 1, 0.18, 380, 97.94, '2022-03-05 20:27:03'),
(2176, 1, 0.21, 380, 116.27, '2022-03-05 20:27:38'),
(2177, 1, 0.18, 380, 99.46, '2022-03-05 20:28:13'),
(2178, 1, 0.22, 380, 122.75, '2022-03-05 20:28:47'),
(2179, 1, 0.19, 380, 106.81, '2022-03-05 20:29:22'),
(2180, 1, 0.19, 380, 108.52, '2022-03-05 20:29:57'),
(2181, 1, 0.17, 380, 93.94, '2022-03-05 20:30:31'),
(2182, 1, 0.19, 380, 106.24, '2022-03-05 20:31:07'),
(2183, 1, 0.18, 380, 97.97, '2022-03-05 20:31:41'),
(2184, 1, 0.17, 380, 97.76, '2022-03-05 20:32:16'),
(2185, 1, 0.16, 380, 91.52, '2022-03-05 20:32:51'),
(2186, 1, 0.15, 380, 84.93, '2022-03-05 20:33:33'),
(2187, 1, 0.17, 380, 97.19, '2022-03-05 20:34:07'),
(2188, 1, 0.14, 380, 77.21, '2022-03-05 20:34:42'),
(2189, 1, 0.14, 380, 76.47, '2022-03-05 20:35:16'),
(2190, 1, 0.15, 380, 83.16, '2022-03-05 20:35:51'),
(2191, 1, 0.14, 380, 80.44, '2022-03-05 20:36:26'),
(2192, 1, 0.2, 380, 112.37, '2022-03-05 20:37:01'),
(2193, 1, 0.18, 380, 100.29, '2022-03-05 20:37:35'),
(2194, 1, 0.17, 380, 93.36, '2022-03-05 20:38:10'),
(2195, 1, 0.13, 380, 72.66, '2022-03-05 20:38:45'),
(2196, 1, 0.19, 380, 106.73, '2022-03-05 20:39:19'),
(2197, 1, 0.16, 380, 90.04, '2022-03-05 20:39:54'),
(2198, 1, 0.27, 380, 148.77, '2022-03-05 20:40:28'),
(2199, 1, 0.11, 380, 64.02, '2022-03-05 20:41:03'),
(2200, 1, 0.12, 380, 66.51, '2022-03-05 20:41:38'),
(2201, 1, 0.11, 380, 63.17, '2022-03-05 20:42:12'),
(2202, 1, 0.13, 380, 70.6, '2022-03-05 20:42:47'),
(2203, 1, 0.1, 380, 53.59, '2022-03-05 20:43:22'),
(2204, 1, 0.11, 380, 59.78, '2022-03-05 20:43:57'),
(2205, 1, 0.15, 380, 83.89, '2022-03-05 20:44:31'),
(2206, 1, 0.17, 380, 93.15, '2022-03-05 20:45:06'),
(2207, 1, 0.16, 380, 88.5, '2022-03-05 20:45:41'),
(2208, 1, 0.11, 380, 61.67, '2022-03-05 20:46:15'),
(2209, 1, 0.16, 380, 90.26, '2022-03-05 20:46:50'),
(2210, 1, 0.17, 380, 94.78, '2022-03-05 20:47:27'),
(2211, 1, 0.17, 380, 93.72, '2022-03-05 20:47:59'),
(2212, 1, 0.12, 380, 67.05, '2022-03-05 20:48:34'),
(2213, 1, 0.07, 380, 40.36, '2022-03-05 20:49:09'),
(2214, 1, 0.08, 380, 44.55, '2022-03-05 20:49:43'),
(2215, 1, 0.09, 380, 51.23, '2022-03-05 20:50:18'),
(2216, 1, 0.06, 380, 35.18, '2022-03-05 20:50:53'),
(2217, 1, 0.08, 380, 45.88, '2022-03-05 20:51:27'),
(2218, 1, 0.09, 380, 48.24, '2022-03-05 20:52:02'),
(2219, 1, 0.08, 380, 47.36, '2022-03-05 20:52:36'),
(2220, 1, 0.08, 380, 47.36, '2022-03-05 20:53:14'),
(2221, 1, 0.08, 380, 47.14, '2022-03-05 20:53:52'),
(2222, 1, 0.52, 380, 291.78, '2022-03-05 20:54:24'),
(2223, 1, 0.12, 380, 64.73, '2022-03-05 20:54:58'),
(2224, 1, 0.06, 380, 31.58, '2022-03-05 20:55:33'),
(2225, 1, 0.13, 380, 73.48, '2022-03-05 20:56:09'),
(2226, 1, 0.12, 380, 68.56, '2022-03-05 20:56:44'),
(2227, 1, 0.09, 380, 50.81, '2022-03-05 20:57:18'),
(2228, 1, 0.08, 380, 45.61, '2022-03-05 20:57:53'),
(2229, 1, 0.91, 380, 511.24, '2022-03-05 20:58:28'),
(2230, 1, 0.07, 380, 41.62, '2022-03-05 20:59:03'),
(2231, 1, 0.07, 380, 41.38, '2022-03-05 20:59:38'),
(2232, 1, 0.07, 380, 37.82, '2022-03-05 21:00:13'),
(2233, 1, 0.1, 380, 57.05, '2022-03-05 21:00:47'),
(2234, 1, 0.08, 380, 42.38, '2022-03-05 21:01:22'),
(2235, 1, 0.05, 380, 29.37, '2022-03-05 21:01:56'),
(2236, 1, 0.06, 380, 36.16, '2022-03-05 21:02:31'),
(2237, 1, 0.2, 380, 111.63, '2022-03-05 21:03:05'),
(2238, 1, 0.07, 380, 41.46, '2022-03-05 21:03:40'),
(2239, 1, 0.05, 380, 28.74, '2022-03-05 21:04:15'),
(2240, 1, 0.07, 380, 40.91, '2022-03-05 21:04:49'),
(2241, 1, 0.08, 380, 42.99, '2022-03-05 21:05:24'),
(2242, 1, 0.07, 380, 39.62, '2022-03-05 21:05:58'),
(2243, 1, 0.07, 380, 38.42, '2022-03-05 21:06:33'),
(2244, 1, 0.07, 380, 36.59, '2022-03-05 21:07:07'),
(2245, 1, 0.05, 380, 27.1, '2022-03-05 21:07:42'),
(2246, 1, 0.05, 380, 28.78, '2022-03-05 21:08:16'),
(2247, 1, 0.17, 380, 95.59, '2022-03-05 21:08:51'),
(2248, 1, 0.07, 380, 36.99, '2022-03-05 21:09:26'),
(2249, 1, 0.06, 380, 32.69, '2022-03-05 21:10:00'),
(2250, 1, 0.04, 380, 22.39, '2022-03-05 21:10:35'),
(2251, 1, 0.05, 380, 29.17, '2022-03-05 21:11:09'),
(2252, 1, 0.09, 380, 50.34, '2022-03-05 21:11:44'),
(2253, 1, 0.07, 380, 36.81, '2022-03-05 21:12:18'),
(2254, 1, 0.05, 380, 26.32, '2022-03-05 21:12:53'),
(2255, 1, 0.38, 380, 214.08, '2022-03-05 21:13:28'),
(2256, 1, 0.05, 380, 28.23, '2022-03-05 21:14:02'),
(2257, 1, 0.15, 380, 86.44, '2022-03-05 21:14:37'),
(2258, 1, 0.04, 380, 22.76, '2022-03-05 21:15:11'),
(2259, 1, 0.08, 380, 42.47, '2022-03-05 21:15:46'),
(2260, 1, 0.06, 380, 35.15, '2022-03-05 21:16:20'),
(2261, 1, 0.05, 380, 29.55, '2022-03-05 21:16:55'),
(2262, 1, 0.45, 380, 249.61, '2022-03-05 21:17:30'),
(2263, 1, 0.07, 380, 37.84, '2022-03-05 21:18:04'),
(2264, 1, 0.1, 380, 54.07, '2022-03-05 21:18:39'),
(2265, 1, 0.05, 380, 26.09, '2022-03-05 21:19:13'),
(2266, 1, 0.02, 380, 13.62, '2022-03-05 21:19:48');

-- --------------------------------------------------------

--
-- Table structure for table `tabel_treshold`
--

CREATE TABLE `tabel_treshold` (
  `nomor` int(11) NOT NULL,
  `ID_mesin` int(11) NOT NULL,
  `speed` enum('1','2') NOT NULL,
  `th_mesin_ready` float NOT NULL,
  `th_spindel_on` float NOT NULL,
  `th_cutting` float NOT NULL,
  `status` int(11) NOT NULL
) ENGINE=InnoDB DEFAULT CHARSET=utf8mb4;

--
-- Dumping data for table `tabel_treshold`
--

INSERT INTO `tabel_treshold` (`nomor`, `ID_mesin`, `speed`, `th_mesin_ready`, `th_spindel_on`, `th_cutting`, `status`) VALUES
(27, 1, '2', -5, 80, 1380, 1),
(38, 1, '1', 0.01, 10, 20, 0),
(39, 1, '1', 0.01, 100, 1000, 0),
(40, 2, '1', -2, 100, 1000, 0),
(41, 1, '1', 5, 5, 5, 0);

-- --------------------------------------------------------

--
-- Table structure for table `tabel_user`
--

CREATE TABLE `tabel_user` (
  `ID_user` int(5) NOT NULL,
  `nama_user` varchar(50) NOT NULL,
  `username` varchar(50) NOT NULL,
  `password` varchar(50) NOT NULL,
  `level` enum('admin','user') NOT NULL
) ENGINE=InnoDB DEFAULT CHARSET=utf8mb4;

--
-- Dumping data for table `tabel_user`
--

INSERT INTO `tabel_user` (`ID_user`, `nama_user`, `username`, `password`, `level`) VALUES
(1, 'Luthfi Andika Prima', 'admin', 'd033e22ae348aeb5660fc2140aec35850c4da997', 'admin'),
(2, 'Amin', 'user', '12dea96fec20593566ab75692c9949596833adc9', 'user'),
(3, 'Phion BB', 'PhionB', '13579', 'admin'),
(5, 'Phion B', 'admin', 'd033e22ae348aeb5660fc2140aec35850c4da997', 'admin'),
(18, 'Rafi', 'user', 'b986415c93241513d33d01fcf532a6c47ac4f3ee', 'user');

--
-- Indexes for dumped tables
--

--
-- Indexes for table `datamaterial`
--
ALTER TABLE `datamaterial`
  ADD PRIMARY KEY (`ID`);

--
-- Indexes for table `datapemotongan`
--
ALTER TABLE `datapemotongan`
  ADD PRIMARY KEY (`Nawa`),
  ADD UNIQUE KEY `Nawa_2` (`Nawa`),
  ADD KEY `Nawa` (`Nawa`),
  ADD KEY `id_material` (`id_material`),
  ADD KEY `Nawa_3` (`Nawa`),
  ADD KEY `Nawa_4` (`Nawa`),
  ADD KEY `Nawa_5` (`Nawa`),
  ADD KEY `id` (`Nawa`);

--
-- Indexes for table `tabel_mesin`
--
ALTER TABLE `tabel_mesin`
  ADD PRIMARY KEY (`ID_mesin`);

--
-- Indexes for table `tabel_monitoring`
--
ALTER TABLE `tabel_monitoring`
  ADD PRIMARY KEY (`nomor`),
  ADD KEY `ID_mesin` (`ID_mesin`);

--
-- Indexes for table `tabel_treshold`
--
ALTER TABLE `tabel_treshold`
  ADD PRIMARY KEY (`nomor`),
  ADD KEY `ID_mesin` (`ID_mesin`);

--
-- Indexes for table `tabel_user`
--
ALTER TABLE `tabel_user`
  ADD PRIMARY KEY (`ID_user`);

--
-- AUTO_INCREMENT for dumped tables
--

--
-- AUTO_INCREMENT for table `datamaterial`
--
ALTER TABLE `datamaterial`
  MODIFY `ID` int(11) NOT NULL AUTO_INCREMENT, AUTO_INCREMENT=7;

--
-- AUTO_INCREMENT for table `datapemotongan`
--
ALTER TABLE `datapemotongan`
  MODIFY `Nawa` int(11) NOT NULL AUTO_INCREMENT, AUTO_INCREMENT=107;

--
-- AUTO_INCREMENT for table `tabel_mesin`
--
ALTER TABLE `tabel_mesin`
  MODIFY `ID_mesin` int(11) NOT NULL AUTO_INCREMENT, AUTO_INCREMENT=5;

--
-- AUTO_INCREMENT for table `tabel_monitoring`
--
ALTER TABLE `tabel_monitoring`
  MODIFY `nomor` bigint(11) NOT NULL AUTO_INCREMENT, AUTO_INCREMENT=2267;

--
-- AUTO_INCREMENT for table `tabel_treshold`
--
ALTER TABLE `tabel_treshold`
  MODIFY `nomor` int(11) NOT NULL AUTO_INCREMENT, AUTO_INCREMENT=42;

--
-- AUTO_INCREMENT for table `tabel_user`
--
ALTER TABLE `tabel_user`
  MODIFY `ID_user` int(5) NOT NULL AUTO_INCREMENT, AUTO_INCREMENT=30;

--
-- Constraints for dumped tables
--

--
-- Constraints for table `datapemotongan`
--
ALTER TABLE `datapemotongan`
  ADD CONSTRAINT `datapemotongan_ibfk_1` FOREIGN KEY (`id_material`) REFERENCES `datamaterial` (`ID`) ON DELETE CASCADE ON UPDATE CASCADE;

--
-- Constraints for table `tabel_monitoring`
--
ALTER TABLE `tabel_monitoring`
  ADD CONSTRAINT `tabel_monitoring_ibfk_1` FOREIGN KEY (`ID_mesin`) REFERENCES `tabel_mesin` (`ID_mesin`);

--
-- Constraints for table `tabel_treshold`
--
ALTER TABLE `tabel_treshold`
  ADD CONSTRAINT `tabel_treshold_ibfk_1` FOREIGN KEY (`ID_mesin`) REFERENCES `tabel_mesin` (`ID_mesin`) ON DELETE CASCADE ON UPDATE CASCADE;
COMMIT;

/*!40101 SET CHARACTER_SET_CLIENT=@OLD_CHARACTER_SET_CLIENT */;
/*!40101 SET CHARACTER_SET_RESULTS=@OLD_CHARACTER_SET_RESULTS */;
/*!40101 SET COLLATION_CONNECTION=@OLD_COLLATION_CONNECTION */;
